7500,0,0,0,0,0,0,0,0,125,0,0,0,0,0,0,0,0,0,0,375,0,125,125,0,0,250,0,0,0,0,0,0,0,0,0,0,0,0,0,0,0,0,0,125,0,0,0,250,0,0,0,0,0,0,0,0,0,125,125,0,0,0,0,0,0,0,0,0,0,0,125,0,0,0,0,0,0,125,0,0,0,0,0,0,0,0,0,125,0,0,0,0,0,0,125,0,0,0,0,125,0,0,0,0,0,0,0,0,125,0,125,0,0,0,0,0,0,0,0
0,8707,0,0,0,0,0,0,0,0,0,0,0,0,0,0,0,0,0,0,86,0,0,86,0,0,0,0,0,0,0,0,0,0,0,0,0,0,0,0,0,0,0,0,86,0,0,0,0,0,172,0,0,0,0,0,86,0,0,0,0,0,0,0,0,0,0,0,0,86,0,0,0,0,0,0,0,0,259,0,0,0,86,0,0,0,0,0,0,0,0,0,0,0,0,0,0,86,0,0,0,0,0,0,0,0,0,0,0,259,0,0,0,0,0,0,0,0,0,0
0,0,9302,0,0,0,0,0,0,0,0,0,0,0,0,0,0,116,0,0,0,0,0,0,0,0,0,0,0,0,0,0,0,0,0,0,0,0,0,0,0,0,0,0,0,0,0,0,0,0,0,0,0,0,0,0,0,0,0,0,0,0,0,116,0,0,0,0,0,0,0,0,116,0,116,0,0,0,0,0,0,0,0,0,0,0,0,0,0,0,0,0,0,233,0,0,0,0,0,0,0,0,0,0,0,0,0,0,0,0,0,0,0,0,0,0,0,0,0,0
0,0,0,7570,0,0,187,0,0,0,0,0,0,0,0,0,0,93,0,0,0,0,0,0,0,0,0,0,0,0,0,0,0,0,0,0,0,0,0,0,0,0,0,0,0,0,0,0,0,0,187,0,0,0,0,0,0,1028,0,0,0,0,0,0,0,0,0,0,467,0,0,0,0,0,0,0,0,0,0,93,0,187,0,0,0,0,0,0,0,0,0,0,0,0,0,0,0,0,0,0,0,0,0,0,0,0,0,0,0,0,0,0,0,0,0,0,0,0,187,0
0,0,135,0,3919,0,0,135,0,270,0,0,0,0,0,0,0,0,0,405,0,135,135,0,135,270,0,0,0,0,0,0,0,0,0,0,0,0,0,0,135,0,0,0,0,0,0,0,0,0,0,541,0,0,0,135,0,135,0,0,405,0,0,0,0,0,0,0,0,0,0,0,135,0,135,0,0,0,0,0,0,0,0,0,0,0,0,0,0,270,270,0,0,0,0,270,0,0,0,0,0,0,0,0,1622,0,0,0,0,0,0,0,0,0,270,0,0,135,0,0
0,0,0,0,0,6154,0,0,128,0,0,256,128,0,0,0,0,0,0,0,0,0,0,0,0,0,0,0,0,0,0,0,0,0,0,0,0,0,0,0,0,0,2308,0,0,0,0,0,0,0,0,0,0,256,0,0,0,0,0,0,0,0,0,128,0,0,0,0,0,0,0,0,0,0,0,385,0,0,0,0,0,0,0,0,128,0,0,0,0,0,0,128,0,0,0,0,0,0,0,0,0,0,0,0,0,0,0,0,0,0,0,0,0,0,0,0,0,0,0,0
0,0,0,196,0,0,7059,0,0,0,0,0,0,0,0,0,0,0,0,0,0,0,0,0,0,0,196,0,0,0,0,0,98,0,0,0,0,0,0,0,0,0,0,0,0,0,0,0,0,0,0,0,0,0,0,0,0,196,0,0,0,0,0,0,0,0,0,0,0,0,0,0,0,0,0,196,0,0,0,882,0,196,0,0,0,0,0,0,0,0,0,0,0,0,0,0,0,0,0,0,0,0,98,0,0,0,0,0,0,98,0,0,0,0,0,0,0,0,0,784
0,0,0,0,0,0,0,8364,0,0,0,0,0,0,0,0,0,0,0,0,0,0,91,0,0,0,0,182,0,0,0,0,0,0,0,0,182,91,0,0,0,0,0,0,0,0,0,0,0,0,0,0,0,0,0,455,0,0,0,0,91,0,0,0,0,0,0,0,0,0,0,0,0,0,91,0,0,0,0,0,0,0,0,0,0,0,91,0,0,0,0,0,0,0,0,0,0,0,0,0,0,0,0,0,0,0,0,0,0,0,0,364,0,0,0,0,0,0,0,0
0,0,0,0,0,122,0,122,6341,976,0,0,0,122,122,0,0,0,0,0,0,0,0,0,0,0,0,0,0,0,0,0,0,0,0,0,122,0,0,122,0,0,0,0,0,0,0,0,0,0,0,0,0,122,0,122,0,0,0,0,0,0,0,0,0,0,0,0,0,0,0,0,0,0,0,0,0,0,0,0,0,0,0,0,0,0,0,0,0,244,0,0,122,244,0,0,0,0,0,0,0,0,0,0,0,0,0,0,0,0,0,0,0,854,0,244,0,0,0,0
0,0,0,0,0,0,0,0,381,7905,0,0,0,95,0,0,0,0,0,95,0,0,0,0,0,0,0,95,0,95,0,0,0,0,0,0,0,0,0,571,0,0,0,0,0,0,0,0,0,0,0,0,0,0,0,0,0,0,0,0,95,0,0,0,0,0,0,0,0,0,0,0,0,0,0,0,0,0,0,0,0,0,0,0,0,0,0,0,0,0,0,0,0,0,0,0,0,0,0,0,0,95,0,0,0,0,0,0,0,0,0,0,0,190,0,190,0,190,0,0
0,0,0,0,0,0,0,0,0,0,8876,0,0,0,0,0,0,0,0,0,0,0,0,0,0,0,0,0,0,0,0,0,0,0,0,0,0,0,0,0,0,0,0,0,0,0,0,0,0,0,0,0,0,0,0,0,0,0,0,0,0,0,0,0,225,0,0,0,225,0,112,0,0,0,0,0,0,0,0,0,0,0,0,0,0,0,0,0,0,0,0,0,0,0,112,0,0,112,112,0,0,0,0,0,0,112,0,0,0,0,112,0,0,0,0,0,0,0,0,0
0,0,0,0,0,263,0,0,0,0,0,8772,0,0,0,0,0,0,0,0,0,0,0,0,0,0,0,0,0,0,0,0,0,0,0,0,0,0,0,0,0,0,702,0,0,0,0,0,0,0,0,0,0,263,0,0,0,0,0,0,0,0,0,0,0,0,0,0,0,0,0,0,0,0,0,0,0,0,0,0,0,0,0,0,0,0,0,0,0,0,0,0,0,0,0,0,0,0,0,0,0,0,0,0,0,0,0,0,0,0,0,0,0,0,0,0,0,0,0,0
0,0,0,0,0,0,0,0,0,0,0,0,8312,0,130,0,0,0,0,0,0,0,0,0,0,0,0,0,0,0,0,0,0,0,0,0,0,0,130,0,130,0,0,0,0,0,0,0,0,0,130,0,0,0,0,0,0,0,0,0,0,0,0,0,0,0,0,0,0,0,0,0,0,0,0,0,0,0,0,0,0,0,0,0,0,0,0,0,0,0,130,909,0,0,0,0,0,0,0,0,0,0,0,0,0,0,0,0,0,0,0,0,0,0,130,0,0,0,0,0
0,0,0,0,0,0,0,0,294,0,0,0,0,8431,0,0,0,0,0,0,0,0,0,0,98,0,0,98,0,0,0,0,0,0,0,0,0,0,0,0,0,0,98,0,0,0,0,0,0,0,0,0,0,0,0,98,98,0,0,0,0,98,0,0,0,0,0,0,0,0,0,0,0,0,0,0,0,0,0,0,0,0,0,0,0,0,0,0,0,0,0,0,0,0,0,0,0,0,0,0,98,0,0,0,0,0,0,0,0,98,0,0,0,98,0,392,0,0,0,0
0,0,0,0,0,0,0,0,0,118,0,0,353,0,6706,0,0,0,0,0,0,0,235,0,0,0,0,0,0,0,0,0,0,0,0,0,0,0,118,0,0,0,0,0,0,0,235,0,0,0,118,0,0,0,0,0,0,118,0,0,0,0,0,0,0,0,0,118,0,0,0,0,0,0,0,0,0,0,0,0,0,0,0,0,0,0,0,0,0,235,1294,0,118,0,0,0,0,0,0,0,0,0,0,0,0,0,0,0,0,0,0,0,118,0,118,0,0,0,0,0
0,0,0,0,118,118,0,0,118,471,0,118,353,0,0,6471,0,0,0,0,0,0,0,0,0,0,0,118,0,0,0,0,0,0,118,0,0,0,0,0,0,0,118,0,0,0,235,235,0,0,0,235,0,0,0,0,0,0,0,118,0,0,0,0,0,0,0,0,0,0,0,0,0,0,0,0,0,0,0,0,0,0,0,0,0,0,0,0,118,118,0,235,0,0,0,0,0,235,0,0,0,0,0,0,0,0,0,0,0,0,0,118,0,235,0,0,0,0,0,0
0,0,0,0,0,0,0,0,0,0,0,417,0,0,0,0,7639,0,0,417,0,0,0,0,0,0,0,139,0,0,0,0,0,417,0,0,0,0,0,0,0,139,0,0,0,0,0,0,0,0,0,0,0,0,139,0,0,0,0,0,0,0,0,0,0,0,0,0,0,0,0,0,0,0,0,0,0,0,139,0,0,0,0,0,139,0,0,0,0,0,0,0,139,0,0,0,0,0,0,0,0,278,0,0,0,0,0,0,0,0,0,0,0,0,0,0,0,0,0,0
0,0,110,110,0,0,110,0,0,0,0,0,0,0,0,0,0,8681,0,0,0,0,110,110,0,110,0,0,0,0,0,0,0,0,0,110,0,0,0,0,0,0,0,0,0,0,0,0,0,0,0,0,0,0,0,0,0,330,0,0,0,0,0,0,0,0,0,0,0,0,0,0,0,0,0,0,0,0,0,0,0,0,0,0,0,0,0,0,0,0,110,0,0,0,0,0,0,0,0,0,0,0,0,0,0,0,0,0,0,0,0,110,0,0,0,0,0,0,0,0
0,133,0,0,0,0,0,0,0,0,0,0,0,0,0,0,533,0,6400,0,0,0,0,133,0,0,0,0,133,0,0,0,0,267,0,0,0,0,0,0,0,0,0,0,0,0,0,0,0,0,0,0,133,0,0,400,0,0,0,0,0,0,0,0,0,0,0,0,0,0,0,0,0,0,0,0,0,133,0,0,0,0,267,133,0,0,0,0,0,0,0,0,0,267,0,0,0,400,0,0,0,267,0,0,0,0,0,0,0,0,0,0,0,0,133,133,0,133,0,0
0,0,0,0,230,230,0,0,115,0,0,0,0,0,0,0,0,0,0,8851,0,0,0,0,0,0,0,0,0,0,0,0,0,0,0,0,0,0,0,0,0,0,0,0,0,0,0,0,0,0,0,115,0,0,0,0,0,0,0,0,0,0,0,0,0,0,0,0,0,0,0,0,0,0,0,0,0,0,0,0,0,0,0,0,0,0,0,0,230,0,0,0,115,0,0,0,0,0,0,0,0,0,0,0,0,0,0,0,0,0,0,115,0,0,0,0,0,0,0,0
349,349,0,0,0,0,0,0,0,0,0,0,0,0,0,0,0,116,0,0,6744,0,0,116,0,0,0,0,0,0,0,0,0,0,0,0,0,0,0,0,0,0,0,0,0,0,0,0,581,0,0,0,0,0,116,0,0,0,116,0,0,0,0,0,233,0,0,0,0,0,0,0,0,0,0,0,0,116,116,0,0,0,0,0,0,0,0,0,0,0,0,0,0,0,0,0,349,233,0,0,0,0,0,0,0,0,116,0,0,233,0,0,0,0,0,0,0,0,0,116
0,0,0,0,667,0,0,0,0,267,0,0,0,0,0,0,0,0,0,400,0,5733,400,0,0,533,0,0,0,133,0,0,0,0,0,0,0,0,0,0,0,0,133,0,0,0,0,0,0,0,0,0,0,0,0,0,0,0,0,0,0,0,0,0,0,0,0,0,0,0,0,0,133,0,133,133,0,0,0,0,0,0,0,0,0,0,0,0,0,400,933,0,0,0,0,0,0,0,0,0,0,0,0,0,0,0,0,0,0,0,0,0,0,0,0,0,0,0,0,0
149,0,0,0,0,0,0,149,0,0,0,0,0,0,0,0,0,149,0,0,0,0,7761,0,0,149,0,0,0,0,0,0,0,0,0,0,149,0,149,0,0,0,0,0,0,0,0,0,0,0,0,0,0,0,0,0,149,0,0,0,0,0,0,0,0,0,0,0,0,0,0,0,0,0,0,0,0,0,0,0,0,0,0,0,0,0,0,0,149,149,299,0,0,0,0,149,0,0,0,0,0,0,0,0,149,0,0,0,0,0,0,0,0,0,0,0,0,0,0,299
152,455,0,0,0,0,0,0,0,0,0,0,0,0,0,0,0,0,0,0,606,0,0,5152,0,0,152,0,0,0,0,0,0,0,0,0,0,0,0,0,0,0,0,0,152,0,0,0,303,0,303,0,0,0,0,0,0,152,0,152,0,0,0,0,0,0,0,0,0,152,0,0,0,0,0,0,0,0,455,606,0,0,0,0,0,0,0,0,0,0,0,0,0,0,0,0,0,0,0,0,0,0,0,455,0,0,0,0,0,758,0,0,0,0,0,0,0,0,0,0
0,0,0,0,0,0,0,0,137,274,0,0,0,274,0,0,0,0,274,0,0,0,0,0,5616,0,0,0,0,0,0,137,137,0,0,0,0,0,0,274,0,137,0,0,0,0,0,137,0,0,0,0,0,0,0,274,0,0,0,0,0,0,0,0,0,0,0,0,0,0,0,0,0,0,0,0,0,0,0,0,0,0,0,0,0,0,0,137,0,0,0,0,137,0,0,0,0,0,0,137,0,0,0,0,0,0,0,0,0,0,0,0,0,0,0,1918,0,0,0,0
0,0,0,0,0,0,0,0,0,0,0,0,133,0,0,0,0,0,0,0,0,667,0,0,0,8267,0,0,0,0,0,0,0,0,0,0,0,0,0,0,0,0,0,0,0,0,0,0,133,0,0,0,0,0,0,0,0,0,0,0,0,0,0,133,0,0,0,0,0,267,0,0,133,0,0,0,0,0,0,0,0,0,0,0,0,0,0,0,0,133,133,0,0,0,0,0,0,0,0,0,0,0,0,0,0,0,0,0,0,0,0,0,0,0,0,0,0,0,0,0
0,0,0,0,0,0,189,0,0,0,0,0,0,0,0,0,0,94,0,0,94,0,0,94,0,0,7453,0,0,94,0,0,94,0,0,94,0,0,0,0,0,0,0,0,0,0,94,0,0,0,0,0,0,0,0,0,0,0,0,94,0,0,0,94,0,0,0,0,0,0,0,0,0,0,0,0,0,94,0,377,0,189,0,0,0,0,0,0,0,0,0,0,0,0,0,0,283,94,94,94,0,0,0,0,0,0,0,0,0,94,0,0,0,0,0,0,0,0,0,189
0,0,132,0,132,0,0,395,0,0,0,0,0,0,0,0,132,0,0,263,0,0,0,0,0,0,0,5789,0,132,0,0,0,0,0,0,0,0,0,0,0,0,0,132,0,0,132,132,0,0,132,0,0,0,0,0,0,0,0,0,0,132,0,0,0,0,0,0,0,0,0,0,132,0,0,0,0,0,0,0,0,0,0,0,0,0,1053,0,0,0,0,0,263,132,0,0,132,0,0,0,0,132,0,0,0,0,0,0,0,0,0,526,0,0,0,0,0,0,0,0
0,0,0,120,0,0,0,0,0,0,120,0,0,0,482,0,0,0,0,0,0,0,0,0,0,0,0,0,3855,0,120,0,0,0,120,0,0,0,0,0,120,0,0,0,0,0,0,602,0,0,0,120,0,0,0,0,241,0,0,0,0,0,0,0,0,0,0,120,0,120,0,0,0,0,0,0,120,0,0,0,0,0,0,0,0,0,0,0,0,241,241,0,120,120,0,0,0,0,0,0,0,0,0,0,602,0,0,0,0,0,0,0,843,120,1084,120,0,241,0,0
0,0,0,0,141,0,0,282,0,0,0,0,141,0,0,141,141,0,0,563,0,0,141,0,282,0,0,141,0,4225,0,0,0,0,0,0,0,282,0,0,0,0,0,0,0,141,0,0,0,0,0,0,0,0,0,423,0,141,0,0,141,0,0,0,0,0,0,0,141,0,0,0,0,0,0,563,0,0,0,0,0,0,0,0,282,141,282,141,0,141,0,0,0,0,0,0,0,0,0,0,0,0,0,0,0,0,0,0,0,0,0,986,0,0,0,0,0,0,0,0
0,0,0,0,0,0,0,0,0,0,0,0,0,0,0,0,0,0,0,0,0,0,0,108,0,0,0,0,0,108,8495,0,0,0,0,0,0,0,0,0,0,0,0,0,0,0,0,0,0,0,0,0,0,0,0,0,0,0,0,0,0,0,108,0,0,0,0,0,0,108,0,0,0,108,0,0,0,0,108,0,0,0,0,0,0,215,0,215,0,0,108,0,0,0,108,0,0,0,0,0,0,0,0,0,0,0,0,0,215,0,0,0,0,0,0,0,0,0,0,0
0,0,0,0,0,0,0,0,0,0,125,0,0,125,0,0,0,0,0,0,0,0,0,0,125,0,0,0,0,0,0,8125,125,0,0,0,0,0,0,0,0,0,0,0,0,0,0,0,0,0,0,0,250,0,0,0,0,0,0,0,0,0,0,0,0,375,0,0,0,125,0,0,0,250,0,0,0,0,0,0,0,0,0,0,0,0,0,0,0,0,0,0,0,0,0,0,0,0,0,0,0,0,0,0,0,0,0,0,0,0,125,0,0,0,0,250,0,0,0,0
135,135,0,0,0,0,0,0,0,0,0,0,0,270,0,0,0,0,0,0,0,0,0,0,0,0,0,135,0,0,0,405,3649,0,0,135,0,0,0,0,270,405,0,0,541,0,0,135,0,0,405,0,0,0,0,0,405,270,135,0,0,0,0,0,0,0,0,135,0,0,270,0,0,0,0,0,0,135,405,135,0,0,0,0,0,135,0,0,0,0,135,0,135,0,0,0,0,0,0,0,135,0,0,0,0,0,0,0,0,405,135,0,0,0,0,405,0,0,0,0
0,0,0,0,0,0,0,0,0,0,0,115,0,0,0,0,1494,0,0,0,0,0,0,0,0,0,0,0,0,0,0,0,0,5287,0,0,0,0,0,0,0,115,0,0,0,0,0,0,0,0,0,0,0,0,0,0,0,0,0,0,0,0,0,0,0,0,0,0,0,0,0,0,0,0,0,0,0,0,0,0,0,0,0,0,115,0,230,0,0,0,0,0,115,115,115,115,0,0,0,2069,0,0,0,0,0,0,0,0,0,115,0,0,0,0,0,0,0,0,0,0
0,0,0,0,0,0,0,0,0,0,0,0,0,0,0,0,0,0,0,0,0,0,0,0,0,0,0,0,139,0,0,0,0,0,7917,0,0,0,0,0,0,0,0,0,556,0,0,278,139,0,139,0,0,0,0,0,0,0,417,0,0,0,0,0,278,0,0,0,0,0,0,0,0,0,0,0,0,0,0,0,0,0,0,0,0,0,0,0,0,0,0,0,0,0,0,0,0,0,0,0,0,0,0,0,0,139,0,0,0,0,0,0,0,0,0,0,0,0,0,0
0,0,0,0,0,0,0,0,0,0,0,0,0,0,0,0,0,0,0,0,0,0,0,0,0,0,112,0,0,0,0,0,0,112,0,7416,0,0,0,0,0,0,0,0,0,0,0,0,0,0,0,0,0,0,0,0,0,0,0,0,0,0,0,0,0,0,0,0,225,0,337,0,0,0,0,0,0,112,0,449,0,0,112,0,0,0,0,0,0,0,0,0,0,0,0,0,112,0,0,0,112,0,112,112,0,0,0,0,0,674,0,0,0,0,0,0,0,0,0,0
0,0,132,0,0,0,0,0,0,0,0,0,0,0,0,0,0,0,0,0,0,0,0,0,0,0,0,0,0,0,0,0,0,0,0,0,9211,526,0,0,0,0,0,0,0,0,0,0,0,0,0,0,0,0,0,0,0,0,0,0,0,0,0,0,0,0,0,0,0,0,0,0,0,0,0,0,0,0,0,0,0,0,0,0,0,0,132,0,0,0,0,0,0,0,0,0,0,0,0,0,0,0,0,0,0,0,0,0,0,0,0,0,0,0,0,0,0,0,0,0
0,0,0,0,125,0,0,250,0,0,0,0,0,0,0,0,0,125,0,0,0,0,0,0,0,0,0,125,125,0,0,0,0,0,0,0,625,7500,0,0,0,0,0,0,0,0,0,0,0,0,0,0,0,0,0,250,0,0,0,125,0,0,0,125,0,0,0,0,0,0,0,0,125,0,125,0,0,0,0,0,0,0,0,0,0,0,125,0,0,0,0,0,0,0,0,0,0,0,0,0,0,0,0,0,0,0,0,0,0,0,0,0,0,0,0,0,0,125,125,0
0,0,0,0,0,0,0,0,0,0,0,0,541,0,0,0,0,0,0,0,0,0,0,0,0,0,0,0,0,0,0,0,0,0,0,0,0,0,6216,0,0,0,0,0,135,0,0,0,0,0,0,0,0,0,0,0,0,0,0,135,0,0,0,270,0,0,0,0,0,0,0,0,0,0,135,1216,0,0,0,0,0,0,0,0,0,0,0,0,0,0,135,811,0,0,0,0,0,0,0,0,0,0,0,0,0,0,0,0,0,0,0,0,135,0,270,0,0,0,0,0
0,0,116,0,0,0,0,0,0,1279,0,0,0,0,0,0,0,0,116,0,0,0,0,0,0,0,0,0,0,0,0,0,0,0,0,0,116,116,0,6860,0,0,0,0,0,0,0,0,0,0,0,0,0,0,0,349,0,0,0,0,0,0,0,0,0,0,0,0,0,0,0,0,0,0,0,0,0,0,0,0,0,0,0,0,0,0,0,0,0,0,116,0,0,0,0,0,0,0,0,0,0,0,0,0,0,0,0,0,0,0,0,0,0,930,0,0,0,0,0,0
0,120,0,0,0,0,120,0,120,0,0,120,0,0,0,0,0,0,0,0,0,0,0,0,361,0,0,0,0,0,0,361,0,0,0,0,0,0,0,0,6386,602,0,0,0,0,0,0,0,0,0,0,241,120,0,120,120,0,0,120,0,120,0,0,0,0,0,120,0,0,0,0,0,0,0,0,0,0,0,0,0,0,120,0,0,0,0,0,0,0,0,0,241,0,0,0,0,0,0,0,0,0,0,0,0,0,0,0,0,482,0,0,0,0,0,0,0,0,0,0
0,0,0,0,133,0,0,0,0,0,0,133,0,0,0,0,0,0,0,0,0,0,0,0,133,0,0,133,0,0,0,0,0,0,0,0,0,0,0,0,133,8000,0,0,0,0,0,0,0,0,0,0,0,0,0,0,0,0,0,0,0,0,0,0,0,0,0,0,0,0,0,0,0,0,0,0,0,0,0,0,0,0,0,0,133,0,0,0,0,0,0,0,133,0,0,0,0,133,0,0,0,133,0,0,133,0,0,0,0,0,0,0,0,0,0,667,0,0,0,0
0,0,0,0,0,783,0,0,0,0,0,348,0,0,0,0,0,0,0,0,0,0,0,0,0,0,0,0,0,0,0,0,0,0,0,0,0,0,87,0,0,0,8435,0,0,0,0,0,0,0,0,0,0,348,0,0,0,0,0,0,0,0,0,0,0,0,0,0,0,0,0,0,0,0,0,0,0,0,0,0,0,0,0,0,0,0,0,0,0,0,0,0,0,0,0,0,0,0,0,0,0,0,0,0,0,0,0,0,0,0,0,0,0,0,0,0,0,0,0,0
0,0,0,0,0,0,0,0,0,0,0,0,0,0,0,0,152,0,0,0,0,0,0,0,0,0,0,0,0,0,0,0,0,152,0,0,0,455,0,0,0,0,0,2424,0,0,0,0,0,0,0,0,152,0,0,0,0,0,0,152,0,0,0,0,0,0,0,0,0,0,0,909,0,0,0,0,0,0,0,0,0,0,0,0,0,0,152,0,0,0,0,0,0,0,303,0,0,0,0,0,0,5152,0,0,0,0,0,0,0,0,0,0,0,0,0,0,0,0,0,0
0,0,0,0,0,0,0,0,0,0,0,0,139,0,0,0,0,0,0,0,0,0,0,0,0,0,0,0,139,0,0,0,0,0,278,0,0,0,139,0,0,139,0,0,6111,0,0,0,0,0,556,139,0,0,0,0,0,0,139,0,0,0,0,0,0,0,0,139,0,0,0,0,0,0,0,0,0,0,1250,0,0,0,0,0,0,0,0,0,0,0,0,0,139,0,0,139,0,139,0,0,0,0,0,0,417,0,0,0,0,0,0,0,0,0,0,0,0,0,0,0
0,0,0,0,429,0,0,143,0,143,0,0,0,0,0,0,0,0,0,1857,0,143,0,0,0,0,0,143,0,143,0,0,0,0,0,0,0,0,0,0,0,0,0,0,0,5143,0,0,0,0,0,0,143,0,0,0,0,0,0,0,0,0,0,143,0,0,0,0,0,0,0,0,143,143,0,0,0,0,0,0,143,0,0,0,0,0,0,0,571,0,143,0,0,0,0,0,0,0,0,0,0,143,0,0,143,0,0,0,0,0,0,0,0,0,143,0,0,0,0,0
0,0,145,0,0,0,145,0,0,0,0,0,145,0,0,0,0,0,0,0,0,0,0,0,0,0,0,145,0,0,0,0,0,0,0,0,0,0,290,0,0,0,0,290,0,0,5942,145,0,0,0,0,0,0,0,0,0,145,0,0,0,0,0,145,0,0,0,0,0,145,0,0,1304,0,0,145,0,0,145,0,290,0,0,0,0,0,0,0,0,145,0,0,0,0,0,0,0,145,0,0,0,0,0,0,0,0,0,0,0,0,0,145,0,0,0,0,0,0,0,0
0,0,0,0,133,0,0,0,0,0,0,0,133,0,267,533,0,0,0,0,0,0,0,0,133,0,0,0,533,0,0,0,0,0,267,0,0,0,0,0,400,0,0,0,0,0,0,6133,133,0,133,0,0,0,0,0,0,0,0,0,0,0,0,0,267,0,0,133,0,0,0,0,0,0,0,0,0,0,0,0,0,0,0,0,0,0,0,0,0,0,0,0,0,133,0,0,0,0,0,0,0,0,0,0,133,0,0,0,0,0,0,0,0,133,267,0,0,0,133,0
290,0,0,0,0,0,0,0,0,0,0,0,145,0,0,0,0,0,0,0,580,0,0,0,0,0,145,0,0,0,0,0,0,0,145,0,0,0,145,0,0,0,0,0,290,0,0,0,5217,0,0,0,0,0,0,0,0,0,145,0,0,0,0,0,145,0,0,0,0,0,0,0,0,0,0,0,0,145,725,0,0,0,0,0,0,0,0,0,0,0,0,0,0,0,0,290,580,290,0,0,0,0,0,0,580,0,145,0,0,0,0,0,0,0,0,0,0,0,0,0
0,149,0,149,0,0,0,0,0,0,0,0,0,0,299,0,0,0,0,0,0,0,0,0,0,0,149,0,0,0,149,0,299,149,0,0,0,0,0,0,0,0,0,0,0,0,0,0,0,5373,0,149,299,0,0,0,149,299,0,0,0,0,0,0,0,0,299,299,0,149,0,0,0,0,0,0,0,0,0,0,0,0,0,0,0,0,149,0,0,299,299,149,0,299,0,0,0,0,0,0,0,0,0,0,0,0,0,299,0,0,149,0,0,0,0,0,0,0,0,0
0,0,0,0,0,0,0,0,0,0,0,0,617,0,0,123,0,0,0,0,0,0,0,0,0,0,0,0,0,0,0,0,0,0,0,0,0,0,370,0,0,0,0,0,0,0,0,0,0,0,8519,0,0,0,0,0,123,0,0,0,0,0,0,0,0,0,0,0,0,0,0,0,0,0,0,0,0,0,0,0,0,0,0,0,0,0,0,0,0,0,0,123,0,0,0,0,0,0,0,0,0,0,0,0,0,0,0,0,123,0,0,0,0,0,0,0,0,0,0,0
0,0,0,0,267,0,0,0,0,0,133,0,0,0,133,133,0,0,0,133,0,267,0,0,0,533,0,0,133,133,0,0,0,0,0,0,0,0,0,0,0,0,0,0,0,0,133,0,133,0,0,3867,0,0,0,0,0,0,0,0,0,0,0,267,0,0,133,0,0,0,0,0,267,0,267,0,0,133,0,0,0,0,0,0,0,0,0,0,400,0,267,0,0,133,0,0,0,0,0,0,0,133,0,0,1067,0,0,0,0,0,0,0,0,0,667,0,0,267,0,0
0,180,0,0,0,0,0,0,0,0,90,0,0,0,0,0,0,0,270,0,0,0,0,0,0,0,0,0,0,0,0,0,90,0,0,0,0,0,0,0,0,0,0,0,0,0,0,0,0,0,0,0,7658,0,0,90,0,0,0,0,0,90,0,0,0,0,180,90,0,0,0,0,0,0,0,0,0,0,0,0,90,0,360,0,0,0,0,0,0,0,0,0,0,90,541,0,0,90,0,0,0,0,0,0,0,0,0,0,0,0,0,0,0,0,0,0,0,90,0,0
0,0,0,0,0,1220,0,122,122,0,0,732,122,0,0,0,0,0,0,0,0,0,0,0,0,0,0,122,0,0,0,0,0,0,0,0,122,0,0,0,0,0,2439,0,0,0,0,0,0,0,0,0,0,4756,0,0,0,0,0,0,0,0,0,0,0,0,0,0,0,122,0,0,0,0,0,0,0,0,0,0,0,0,0,0,0,0,0,0,0,0,0,0,0,0,0,0,0,0,0,0,0,0,0,0,0,0,0,0,0,0,0,0,0,122,0,0,0,0,0,0
0,0,0,0,0,0,0,0,0,0,0,0,0,0,0,0,0,0,0,0,0,0,0,0,0,0,0,0,0,0,0,0,0,0,122,0,0,0,0,0,0,0,0,0,122,0,0,0,0,0,122,0,0,0,8171,0,0,0,0,0,0,0,0,0,0,0,0,0,0,0,0,0,0,0,0,0,0,0,122,0,0,0,0,0,0,0,0,0,0,122,0,0,0,0,0,1220,0,0,0,0,0,0,0,0,0,0,0,0,0,0,0,0,0,0,0,0,0,0,0,0
0,0,0,0,0,0,0,330,0,0,0,0,0,110,0,0,0,0,0,0,0,0,0,0,220,0,0,0,0,0,0,0,0,0,0,0,0,220,0,110,0,0,0,0,0,0,0,0,0,0,0,0,0,0,0,8681,0,0,0,0,0,0,0,0,0,0,0,0,0,0,0,0,0,0,0,0,0,0,0,0,0,0,0,0,0,0,110,0,0,0,0,0,0,0,0,0,0,0,0,0,0,110,0,0,0,0,0,0,0,0,0,0,0,0,0,0,0,110,0,0
0,114,0,0,0,0,0,0,0,0,0,0,0,0,114,0,0,0,0,0,0,0,0,0,0,0,0,0,0,0,0,0,0,0,0,0,114,0,0,0,0,0,0,0,0,0,0,0,0,0,227,0,0,0,0,0,8977,0,0,0,0,0,0,0,0,0,0,114,0,0,0,0,0,0,0,0,0,0,0,0,0,0,0,0,0,0,0,0,0,114,0,0,0,0,0,0,0,0,0,0,0,0,0,0,0,0,0,114,0,0,0,0,114,0,0,0,0,0,0,0
0,0,0,1098,0,0,0,244,0,0,0,0,0,0,0,0,0,122,0,0,0,0,0,0,0,0,0,0,0,0,0,0,0,0,0,0,0,0,0,0,0,0,0,0,0,0,0,0,0,0,0,0,0,0,0,0,122,7683,0,0,0,0,0,0,0,0,0,0,0,0,0,0,0,0,0,0,0,0,0,244,0,0,0,122,0,0,0,0,0,0,122,0,0,122,0,0,0,0,0,0,0,0,0,0,0,0,0,0,0,0,122,0,0,0,0,0,0,0,0,0
0,128,0,0,0,0,0,0,0,0,0,0,0,0,0,0,0,0,0,0,0,0,0,0,0,0,0,0,0,0,0,0,0,0,256,0,0,0,0,0,0,0,0,0,256,0,0,0,0,0,0,0,0,0,0,0,0,0,9359,0,0,0,0,0,0,0,0,0,0,0,0,0,0,0,0,0,0,0,0,0,0,0,0,0,0,0,0,0,0,0,0,0,0,0,0,0,0,0,0,0,0,0,0,0,0,0,0,0,0,0,0,0,0,0,0,0,0,0,0,0
0,99,198,0,0,0,0,0,0,0,0,0,0,0,0,0,0,198,0,0,0,0,0,99,0,0,0,0,99,0,0,99,0,0,0,99,0,0,0,0,99,0,0,0,0,0,0,0,198,0,0,0,99,0,0,0,0,0,0,6040,0,0,0,198,0,99,0,0,0,0,0,0,0,0,0,0,0,99,99,0,0,99,0,99,0,0,0,0,0,0,0,0,0,0,0,0,0,1485,0,0,0,99,0,99,0,0,0,0,99,0,0,0,0,0,0,0,0,198,0,0
0,109,0,0,109,0,0,326,0,0,0,0,0,0,0,0,0,0,0,217,0,0,0,0,0,0,0,109,0,0,0,0,0,0,0,0,0,109,109,0,0,0,109,0,0,109,0,0,0,0,0,0,0,0,0,543,0,0,0,109,5109,0,0,109,0,0,0,0,0,0,0,0,109,0,435,0,0,0,0,0,0,109,0,0,0,0,109,0,0,109,0,0,0,109,0,0,0,0,0,0,0,0,0,0,217,0,0,0,0,0,0,326,0,0,217,0,0,1087,0,0
0,0,0,0,0,0,0,0,0,0,0,95,0,286,0,0,0,0,0,0,0,0,0,0,0,0,0,0,0,0,0,0,0,0,0,0,0,0,0,0,0,95,0,0,0,0,0,0,0,0,0,0,0,0,0,0,0,0,0,0,0,8571,0,0,0,0,0,0,0,0,0,0,0,0,0,0,0,0,0,0,0,0,0,0,571,190,0,0,0,0,0,0,0,0,0,0,0,0,0,0,95,0,0,0,0,0,0,0,0,0,0,0,0,0,0,0,0,0,95,0
0,0,0,0,0,0,0,0,0,0,0,0,0,0,0,0,0,0,0,0,0,0,0,0,0,0,123,0,0,0,123,0,0,123,0,0,0,0,0,0,0,0,0,0,0,0,0,0,0,0,0,0,0,0,123,0,0,0,0,0,0,0,8889,0,0,0,0,0,0,0,0,0,0,0,0,123,0,123,0,0,0,0,0,0,0,247,0,0,0,0,0,0,0,0,123,0,0,0,0,0,0,0,0,0,0,0,0,0,0,0,0,0,0,0,0,0,0,0,0,0
0,0,116,0,0,0,0,349,0,0,0,0,116,0,0,233,0,0,0,233,0,0,0,0,0,0,0,116,0,0,0,0,0,0,0,0,0,465,116,0,0,0,0,0,0,0,349,0,0,0,0,0,0,0,0,116,0,116,0,116,116,0,0,4767,0,0,0,0,0,116,0,0,349,0,116,1047,0,0,0,0,0,0,0,0,0,0,0,0,0,233,116,0,0,0,0,233,0,0,0,0,0,0,0,0,116,0,0,0,0,0,0,349,0,0,0,0,0,0,0,0
0,0,0,0,0,0,0,0,0,0,0,0,0,0,0,0,0,0,0,0,610,0,0,0,0,0,0,0,0,0,0,0,0,0,0,0,0,0,0,0,0,0,0,0,0,0,0,0,854,0,0,0,0,0,0,0,0,0,0,0,0,0,0,0,8049,0,0,0,0,0,0,0,0,0,0,0,0,122,0,0,0,0,0,0,0,0,0,0,0,0,0,0,0,0,0,0,122,122,0,0,0,0,0,0,0,0,0,0,0,0,0,0,0,0,0,0,0,0,122,0
0,299,0,0,0,0,0,0,0,0,448,0,0,0,0,0,0,0,149,0,0,0,0,0,0,0,0,0,0,0,0,0,0,0,0,0,0,0,0,0,0,0,0,0,0,0,0,0,0,0,0,0,0,0,0,0,0,0,0,0,0,0,0,0,0,7015,0,0,0,0,0,0,0,0,0,0,149,0,0,0,0,0,1045,0,0,0,0,0,0,0,0,0,0,0,0,0,0,0,448,0,0,0,0,149,0,0,0,0,0,299,0,0,0,0,0,0,0,0,0,0
0,0,0,0,0,0,0,0,0,0,282,0,0,0,0,0,0,0,141,0,0,0,0,0,0,0,0,0,0,0,0,0,0,0,0,0,0,0,0,0,0,0,0,0,0,0,0,0,0,0,0,141,1831,0,0,0,0,0,0,141,0,0,0,0,0,0,6479,0,0,0,0,0,0,0,0,0,141,0,0,0,0,0,0,141,0,0,0,0,0,0,0,0,0,141,423,0,0,0,0,0,0,0,0,0,0,0,0,0,0,0,0,0,0,0,0,0,0,0,141,0
0,0,0,0,238,0,0,0,0,0,0,0,476,0,119,119,0,0,0,0,0,0,0,0,0,119,0,0,238,0,0,0,0,0,0,0,0,119,0,0,119,0,0,0,833,0,0,595,0,0,0,0,119,0,0,0,119,0,0,119,0,0,0,0,0,0,0,4405,0,0,0,0,0,0,0,0,0,0,119,0,0,0,0,0,0,0,0,0,0,119,0,0,0,119,0,0,0,0,0,0,0,0,0,0,1071,0,0,0,0,0,0,0,0,119,476,119,0,119,0,0
0,0,0,707,0,0,202,0,0,0,303,0,0,0,0,0,0,101,0,0,101,0,101,0,0,0,202,0,0,0,0,0,0,101,0,202,101,0,0,0,0,0,0,0,0,0,0,0,101,0,101,0,0,0,0,0,0,202,0,101,0,0,0,101,202,0,0,0,5455,0,0,0,0,0,101,0,0,202,0,0,0,202,0,0,0,0,0,0,0,0,0,0,0,0,0,0,0,0,0,0,0,0,0,202,0,0,0,0,0,0,0,0,0,0,0,0,0,0,909,0
0,0,94,94,0,0,0,0,0,0,0,0,0,0,0,0,0,94,94,0,0,0,94,0,0,0,0,0,0,0,94,0,0,0,0,0,0,0,0,0,0,0,0,0,0,0,0,0,0,0,0,0,0,0,0,0,0,0,0,94,0,0,0,0,0,0,0,0,0,9151,0,0,0,0,0,0,0,0,0,0,94,0,0,0,0,0,0,0,0,0,94,0,0,0,0,0,0,0,0,0,0,0,0,0,0,0,0,0,0,0,0,0,0,0,0,0,0,0,0,0
0,222,0,0,0,0,0,0,0,0,0,0,0,0,0,0,0,222,0,0,0,0,0,0,0,0,111,0,0,111,0,0,0,0,0,0,0,0,0,0,0,0,0,0,0,0,0,0,0,111,0,0,0,0,0,0,0,0,0,222,0,0,0,0,0,0,0,0,0,0,6111,0,0,444,0,0,0,0,111,111,0,0,0,0,0,0,0,0,111,0,0,0,0,0,0,0,0,0,0,0,889,0,0,0,0,0,0,0,0,889,333,0,0,0,0,0,0,0,0,0
0,0,0,0,0,0,0,0,0,0,0,0,0,0,0,0,0,0,0,123,0,0,0,0,0,0,0,123,123,0,0,0,0,123,0,0,0,0,0,0,0,0,0,494,0,0,0,0,0,0,0,0,0,0,0,123,0,0,0,247,0,0,247,0,0,0,0,0,0,0,0,3951,0,0,0,0,0,0,0,0,123,0,0,0,0,0,0,0,0,0,0,0,0,0,0,0,0,0,0,0,0,4198,0,0,0,0,0,0,0,0,0,0,0,0,0,0,0,123,0,0
0,0,0,0,0,0,0,0,0,0,0,0,0,0,0,0,0,0,0,0,0,411,137,0,0,137,0,0,0,0,0,0,0,0,0,0,137,0,0,0,0,0,0,0,0,0,959,0,0,0,0,137,0,0,0,137,0,0,0,0,0,0,0,274,0,0,0,0,0,137,0,0,7123,0,0,0,0,0,0,0,0,0,0,0,0,0,0,0,0,137,274,0,0,0,0,0,0,0,0,0,0,0,0,0,0,0,0,0,0,0,0,0,0,0,0,0,0,0,0,0
0,0,0,0,0,0,0,0,0,0,0,0,0,0,0,0,0,0,0,0,0,0,0,0,0,0,0,0,0,0,0,0,0,0,0,342,0,0,0,0,0,0,0,0,0,0,0,0,0,0,0,0,85,0,0,0,0,0,0,0,0,0,0,0,0,0,0,0,0,0,342,0,0,8205,0,0,85,0,0,85,0,0,0,0,0,0,0,0,0,0,0,0,0,0,85,0,0,0,171,0,85,0,0,0,0,85,0,0,0,342,0,0,0,0,0,0,85,0,0,0
0,0,125,0,0,0,0,125,0,0,0,0,0,0,0,0,0,0,0,0,0,0,250,0,0,0,0,0,0,125,0,0,0,0,0,0,0,0,125,0,0,0,0,0,0,250,0,0,0,0,0,0,0,0,0,0,0,0,0,0,0,0,0,375,0,0,0,0,0,0,0,0,0,0,8000,0,0,0,0,0,0,0,0,0,0,0,0,0,0,0,0,0,0,0,0,0,0,0,0,0,0,0,0,0,250,0,0,0,0,0,0,250,0,0,0,0,0,125,0,0
0,0,0,0,0,196,0,0,0,0,0,0,0,0,0,0,0,0,0,98,0,0,98,0,0,0,0,0,0,0,0,0,0,0,0,0,0,0,588,0,0,0,0,0,0,98,0,0,0,0,0,0,0,0,0,0,0,0,0,0,98,0,0,294,0,0,0,0,0,0,0,0,0,0,0,7941,0,0,0,0,0,0,0,0,0,0,0,0,0,98,98,294,0,0,0,0,0,0,0,0,0,0,0,0,0,0,0,0,0,0,0,98,0,0,0,0,0,0,0,0
0,0,0,253,0,0,127,0,0,0,127,0,0,0,0,0,0,0,0,0,506,0,0,0,0,0,0,0,0,127,0,253,0,0,0,127,0,0,0,0,0,0,0,0,0,0,0,127,0,0,0,0,0,0,0,0,0,0,759,0,0,0,0,0,506,0,0,0,253,0,0,0,0,380,0,0,3797,0,127,127,0,0,253,0,0,0,0,0,0,0,0,0,0,0,127,0,0,0,0,0,0,0,0,0,0,253,0,127,0,0,1646,0,0,0,0,0,0,0,0,0
385,0,128,128,0,0,0,0,0,0,0,0,0,0,0,0,0,128,0,0,0,0,0,0,0,0,256,0,0,0,0,0,0,0,0,256,0,0,0,0,0,0,0,0,0,0,0,0,128,0,0,0,0,0,0,0,0,0,0,0,0,0,0,0,256,0,0,0,0,0,0,0,0,0,0,128,0,7051,0,0,0,0,0,0,0,0,0,0,0,0,0,0,0,0,0,0,0,0,0,0,0,128,0,0,0,0,256,0,0,385,0,0,0,0,0,0,128,0,256,0
220,220,0,0,0,0,0,0,0,110,0,110,0,0,0,0,110,0,110,0,549,0,0,0,0,0,0,0,0,0,0,0,0,110,0,0,0,0,0,0,0,0,0,0,440,0,0,0,110,0,0,0,0,0,220,0,0,0,0,0,0,0,0,0,0,0,0,0,0,220,0,0,0,0,0,0,0,110,6264,0,0,0,0,0,0,0,0,0,0,0,0,0,0,0,0,110,0,0,0,0,0,110,0,0,0,110,0,220,440,0,110,0,0,0,0,0,0,0,0,0
0,0,0,0,0,0,241,0,0,0,0,0,0,0,0,0,0,0,0,0,0,0,0,0,0,0,241,0,0,0,0,0,0,0,0,482,0,0,0,0,0,0,0,0,0,0,120,0,0,0,0,0,0,0,0,0,0,120,0,0,0,0,120,0,0,0,0,0,0,0,120,0,120,0,0,0,0,0,0,7349,0,361,0,0,0,0,0,0,0,0,0,0,0,0,0,0,0,0,0,0,0,0,0,120,0,0,0,0,0,0,0,0,0,0,0,0,0,0,241,361
0,0,211,0,0,0,0,0,0,0,0,0,0,0,0,0,0,0,0,0,0,0,0,0,0,0,105,0,0,0,0,0,0,0,0,0,0,105,0,0,0,0,0,105,0,0,316,0,0,0,105,0,0,0,0,0,0,0,0,316,105,0,0,0,0,0,0,0,0,0,0,105,105,0,105,0,0,0,0,0,7368,0,0,0,0,0,0,0,632,0,0,0,0,0,0,0,0,211,0,0,0,105,0,0,0,0,0,0,0,0,0,0,0,0,0,0,0,0,0,0
0,0,0,256,0,0,1154,0,0,0,0,0,0,0,0,0,0,0,0,0,0,0,128,128,0,0,897,0,0,0,0,0,0,0,0,0,0,0,0,0,0,0,0,0,0,0,0,0,0,0,128,0,0,0,0,0,0,128,0,0,0,0,0,0,0,0,0,0,0,0,0,0,0,0,0,0,0,0,0,1923,0,4872,0,0,0,128,0,0,0,0,0,0,0,0,0,0,0,0,0,0,0,0,0,0,0,0,0,0,0,0,0,0,0,0,0,0,0,0,0,256
0,0,0,0,0,0,0,0,0,0,115,115,0,0,0,0,0,0,0,0,0,0,0,115,0,0,0,0,0,0,0,0,0,0,0,115,0,0,0,0,0,0,0,0,0,0,0,0,0,0,0,0,0,0,0,0,0,0,0,0,0,0,0,0,0,0,0,0,0,0,0,0,0,0,0,0,0,0,0,0,0,0,8276,0,0,115,0,0,0,0,0,0,0,0,230,0,0,0,0,0,0,0,0,115,0,115,0,0,0,690,0,0,0,0,0,0,0,0,0,0
0,0,0,290,0,0,0,0,0,0,0,0,0,0,0,0,0,0,145,0,0,0,0,145,0,0,0,0,0,0,0,0,145,0,0,290,0,0,0,0,145,0,0,0,0,0,0,0,0,0,0,0,0,0,0,0,0,290,0,0,0,0,0,145,0,0,145,0,145,0,0,0,0,0,0,0,0,0,0,290,0,145,145,7101,0,0,0,0,0,0,0,0,0,0,0,0,0,0,0,0,0,0,0,145,0,0,0,0,0,290,0,0,0,0,0,0,0,0,0,0
0,0,0,0,0,0,0,0,0,0,0,0,0,0,0,0,104,0,0,0,0,0,0,104,0,0,0,104,0,0,0,0,0,104,0,0,0,0,0,0,0,0,0,0,0,0,0,0,0,0,0,0,0,0,0,104,0,0,0,0,0,313,0,0,0,0,0,0,0,0,0,0,0,0,0,0,0,0,0,0,0,0,0,0,8854,0,0,0,0,0,0,0,0,0,104,0,0,0,0,104,0,104,0,0,0,0,0,0,0,0,0,0,0,0,0,0,0,0,0,0
133,0,0,0,0,0,0,0,0,0,0,0,0,0,0,0,0,0,0,0,0,0,400,0,0,0,0,0,0,0,0,0,0,0,0,133,0,0,0,0,0,0,0,0,0,0,0,0,0,0,0,0,0,0,0,0,0,0,0,0,0,133,0,0,0,0,0,0,0,0,533,0,0,267,0,0,0,0,0,0,0,133,0,0,400,7200,0,267,0,0,0,0,0,0,0,0,0,0,0,0,400,0,0,0,0,0,0,0,0,0,0,0,0,0,0,0,0,0,0,0
0,0,0,0,0,0,0,109,0,109,0,0,0,0,0,0,0,0,0,0,0,0,0,0,0,0,0,109,0,109,0,0,0,0,0,0,109,217,0,0,0,0,0,0,0,0,109,0,0,0,0,0,0,0,0,0,0,0,0,0,109,0,0,0,0,0,0,0,0,0,0,0,0,0,0,0,0,0,0,0,0,0,0,0,0,0,8913,0,0,0,0,0,0,0,0,0,0,0,0,109,0,0,0,0,0,0,0,0,0,0,0,0,0,0,0,0,0,0,0,0
0,0,0,0,0,0,0,0,0,0,0,0,0,0,0,0,0,0,0,0,0,0,0,0,0,0,0,0,0,270,90,0,0,0,0,90,0,0,0,0,0,0,0,0,0,0,0,0,0,0,0,0,0,0,90,0,0,0,0,0,0,90,0,0,0,0,0,0,0,0,0,0,0,180,0,0,0,0,0,0,0,180,0,0,90,90,90,8378,0,0,0,0,0,90,270,0,0,0,0,0,0,0,0,0,0,0,0,0,0,0,0,0,0,0,0,0,0,0,0,0
0,0,0,0,213,0,0,0,0,0,0,0,0,0,0,0,0,0,0,213,0,106,106,0,0,213,0,106,0,106,0,0,0,0,0,0,0,0,0,0,0,0,0,0,106,106,0,0,0,0,0,426,0,0,0,0,0,0,0,0,106,106,0,0,0,0,0,0,0,0,106,0,0,0,0,0,0,0,0,0,106,0,0,0,0,0,0,0,7447,0,0,0,106,0,0,0,0,0,0,0,0,0,0,0,213,0,0,0,0,0,0,0,0,0,0,0,0,106,0,0
0,0,0,0,0,0,0,139,0,417,0,0,0,0,278,0,0,0,0,0,0,278,0,0,0,0,0,0,139,0,0,0,0,0,0,0,0,0,0,0,0,0,0,0,0,0,0,0,0,0,0,139,0,0,0,0,0,139,0,0,0,0,0,0,0,0,0,0,0,0,0,0,139,0,0,0,0,0,0,0,0,0,0,0,0,0,139,0,0,6667,694,139,0,0,0,0,0,0,0,0,0,0,0,0,139,0,0,0,0,0,0,0,556,0,0,0,0,0,0,0
0,0,0,0,0,0,0,114,114,0,0,0,0,0,1023,0,0,0,0,0,0,114,114,0,0,227,0,0,0,0,0,0,0,0,0,0,114,0,0,0,0,0,0,0,0,0,0,0,0,0,0,0,0,0,0,0,114,0,0,0,0,0,0,0,0,0,0,0,0,0,0,0,0,0,0,114,0,0,0,0,0,0,0,0,0,0,0,0,0,909,6136,0,0,0,0,0,0,0,0,0,0,0,0,0,114,0,0,0,0,0,0,0,682,114,0,0,0,0,0,0
0,0,0,0,0,0,0,0,0,0,0,0,2105,0,0,132,0,0,0,0,0,0,0,0,0,0,0,0,0,0,0,0,0,0,0,0,0,0,263,0,0,0,0,0,132,0,132,0,0,0,526,0,0,0,0,0,0,0,0,0,0,0,0,0,0,0,0,0,0,0,0,0,0,0,0,526,0,0,0,0,0,0,0,0,0,0,0,0,0,0,0,6184,0,0,0,0,0,0,0,0,0,0,0,0,0,0,0,0,0,0,0,0,0,0,0,0,0,0,0,0
0,0,0,0,0,0,0,0,0,0,0,119,0,119,0,0,0,0,0,119,0,119,0,0,0,0,0,0,0,0,0,0,0,0,0,0,0,0,0,0,119,0,0,0,0,0,0,0,0,0,0,0,0,0,0,0,0,0,0,0,0,0,0,0,0,0,0,0,0,0,0,0,0,0,0,0,0,0,0,0,0,0,0,0,0,0,0,0,0,0,0,0,9405,0,0,0,0,0,0,0,0,0,0,0,0,0,0,0,0,0,0,0,0,0,0,0,0,0,0,0
0,0,202,0,0,0,0,0,101,202,0,101,202,0,0,0,101,0,202,0,0,0,0,0,0,0,0,0,0,0,0,0,0,0,0,0,0,0,101,0,0,101,0,0,0,0,0,0,0,303,0,101,202,0,0,404,0,0,0,0,0,0,0,101,0,0,0,0,0,0,0,0,0,0,101,0,0,0,0,0,0,0,0,0,0,0,0,0,0,101,0,0,0,4949,0,0,0,0,0,0,0,303,0,0,0,0,0,0,0,101,0,0,101,0,101,0,0,1818,0,0
0,0,0,0,0,0,0,0,0,0,0,0,0,0,0,0,0,0,92,0,0,0,0,0,0,0,0,0,0,0,0,0,0,183,0,0,0,0,0,0,0,0,0,92,0,0,0,0,0,0,0,0,367,0,0,275,0,0,0,0,0,0,92,0,0,0,0,0,0,0,0,0,0,0,0,0,0,0,0,0,0,0,183,0,0,0,0,0,0,0,0,0,92,0,8440,0,0,0,0,0,0,183,0,0,0,0,0,0,0,0,0,0,0,0,0,0,0,0,0,0
0,0,0,0,0,0,0,0,0,0,0,0,0,0,0,0,0,0,0,0,0,0,0,0,0,0,0,0,0,0,0,0,0,116,116,0,0,0,0,0,0,0,0,0,0,0,0,0,0,0,0,116,0,0,698,0,0,0,0,0,0,0,116,233,0,0,0,0,0,0,0,0,0,0,0,0,0,0,0,0,0,0,0,0,0,0,0,0,0,0,0,0,0,0,0,8605,0,0,0,0,0,0,0,0,0,0,0,0,0,0,0,0,0,0,0,0,0,0,0,0
244,0,0,0,0,0,0,0,0,0,0,0,0,0,0,0,0,0,0,0,122,0,0,0,0,0,488,0,0,0,0,0,0,0,0,0,0,0,122,0,0,0,0,0,0,122,0,0,122,0,0,0,0,0,0,0,0,0,0,0,0,0,0,122,122,0,0,0,0,0,0,0,0,0,0,0,0,0,122,0,0,0,0,0,0,0,0,0,0,0,0,0,0,0,122,0,7683,0,122,0,0,0,0,0,0,0,0,0,0,0,0,0,0,0,0,0,366,0,122,0
0,79,0,0,0,0,0,0,0,0,0,0,0,0,0,0,0,0,159,0,0,0,0,0,0,0,0,0,0,0,0,0,0,0,0,79,0,79,0,0,0,0,0,0,0,0,0,79,0,0,0,0,0,0,79,0,0,0,0,397,0,0,0,0,79,0,0,0,79,0,0,79,0,0,0,0,0,0,0,0,0,0,0,79,0,0,0,0,0,0,0,0,0,79,0,0,0,8413,0,79,0,0,0,0,0,0,79,0,0,79,0,0,0,0,0,0,0,0,0,0
0,114,0,0,0,0,0,0,0,0,114,0,0,0,0,0,0,0,0,0,0,0,0,0,0,0,0,0,0,0,0,0,0,0,0,341,0,0,0,114,0,0,0,0,0,0,0,0,0,0,0,0,114,0,0,114,0,0,0,0,0,0,0,0,0,114,0,0,0,0,0,0,0,341,0,0,114,0,0,0,0,0,341,0,0,0,0,0,0,0,0,0,0,0,114,0,114,0,7273,0,0,0,0,0,0,0,0,0,0,455,0,0,0,0,0,0,0,0,227,0
0,132,0,0,0,0,0,0,0,0,0,0,0,0,0,0,132,0,0,0,0,0,132,0,0,0,0,0,0,0,132,0,0,1053,0,0,0,0,0,0,0,132,0,0,0,0,0,0,0,0,0,0,0,0,0,0,0,0,0,0,0,0,0,0,0,0,0,0,0,0,0,0,0,0,0,0,0,0,0,0,0,0,0,0,526,0,132,132,0,0,0,0,0,0,0,0,0,0,0,7500,0,0,0,0,0,0,0,0,0,0,0,0,0,0,0,0,0,0,0,0
0,0,0,0,0,0,0,0,0,0,0,0,0,0,0,0,0,0,0,0,0,0,0,89,0,0,0,0,0,0,0,89,0,0,0,357,0,89,0,0,0,0,0,0,0,0,0,0,0,0,0,0,0,0,0,0,0,0,0,0,0,0,0,0,0,0,0,0,89,0,1429,0,89,268,0,0,0,89,0,0,0,0,89,0,0,0,0,89,0,0,0,0,89,0,89,0,0,0,0,0,6429,0,0,89,0,0,0,0,0,446,0,0,0,0,0,0,0,0,0,89
0,0,211,0,0,0,0,0,0,0,0,0,0,105,0,0,211,0,105,105,0,0,0,0,0,0,0,0,0,0,0,0,0,105,0,0,0,0,0,105,0,0,0,316,0,0,0,0,0,0,0,0,0,0,0,211,0,0,0,211,0,0,0,0,0,0,105,0,0,0,0,421,0,0,0,0,0,0,0,0,0,0,0,0,0,0,105,0,0,0,0,0,0,0,105,0,0,0,0,0,0,7579,0,0,0,0,0,0,0,0,0,0,0,0,0,0,0,0,0,0
0,0,0,0,0,0,1667,0,0,0,0,0,0,0,0,0,0,0,0,0,0,0,0,222,0,0,111,0,0,111,0,0,0,0,0,0,0,0,0,0,0,0,0,0,0,0,0,0,0,0,0,0,0,0,0,0,0,0,0,111,0,0,0,0,0,0,0,0,0,0,222,0,0,0,0,0,0,0,0,444,0,222,0,0,0,0,0,0,0,0,0,0,0,0,0,0,0,0,0,0,0,0,4778,0,0,0,0,0,0,333,0,0,0,0,0,0,0,0,111,1667
0,0,0,0,0,0,0,0,0,0,0,0,0,0,0,0,0,282,0,0,0,0,0,1127,0,0,282,0,0,0,0,0,0,0,0,282,0,0,0,0,0,0,0,0,0,0,0,0,0,0,0,0,0,0,0,0,0,0,0,141,0,0,0,0,0,0,0,0,986,0,282,0,0,0,0,0,141,282,0,0,0,282,282,141,0,0,0,0,0,0,0,0,0,0,0,0,0,0,141,0,0,0,0,4085,0,0,0,0,0,986,141,0,0,0,0,0,0,0,141,0
0,0,0,127,759,0,0,0,0,0,0,0,0,0,127,127,0,0,127,633,0,506,0,0,0,253,0,0,0,0,0,0,0,0,0,0,0,0,0,0,0,0,0,0,127,0,0,253,0,0,127,0,0,0,0,0,0,0,0,0,127,0,0,253,0,0,0,0,0,0,0,0,127,0,0,253,0,0,0,0,0,0,0,0,0,0,0,0,127,0,380,0,253,0,0,0,0,0,0,0,0,0,0,0,5316,0,0,0,0,0,0,0,0,0,0,0,0,0,0,0
0,0,0,0,0,0,0,0,0,0,886,0,0,0,0,0,0,0,0,0,127,0,0,0,0,0,0,0,0,0,0,0,0,0,253,0,127,0,0,0,0,0,0,0,127,0,0,0,127,0,127,0,127,0,0,127,0,0,1392,0,0,0,0,0,127,127,0,0,0,0,0,0,0,127,0,0,633,253,0,127,0,0,0,0,0,0,0,0,0,0,0,0,0,0,253,127,0,0,0,0,0,0,0,127,0,3671,0,127,253,0,380,0,127,0,0,0,0,127,0,0
0,0,0,0,0,0,0,0,0,0,0,0,0,0,0,0,0,417,0,0,0,0,139,139,0,0,139,0,0,0,0,0,0,0,0,0,0,0,0,0,0,0,0,0,0,0,0,0,139,0,0,0,0,0,139,0,0,0,0,278,0,0,0,0,139,0,0,0,0,0,0,0,0,0,0,0,0,2639,0,0,0,0,0,0,0,0,0,0,0,0,0,0,0,0,0,139,278,139,0,0,0,0,0,0,0,0,4583,0,0,417,0,0,0,0,0,0,0,0,278,0
0,128,0,0,0,0,0,0,0,0,0,0,0,0,128,0,0,0,0,0,0,0,0,0,128,0,0,0,0,0,0,0,128,0,0,0,0,0,0,0,0,0,0,0,0,0,0,0,0,128,0,0,0,0,0,0,1026,0,128,0,0,0,0,0,0,0,0,0,0,128,0,0,0,0,0,0,0,0,0,0,0,0,0,0,0,0,0,0,0,0,0,0,0,0,0,0,0,0,0,0,0,0,0,0,0,0,0,8077,0,0,0,0,0,0,0,0,0,0,0,0
145,0,0,0,0,0,0,0,0,0,0,145,0,0,0,0,0,0,0,0,0,0,0,0,0,0,0,0,0,0,145,0,0,0,0,0,0,0,0,0,0,0,0,0,0,0,0,0,0,0,145,0,0,0,0,0,0,0,0,145,0,0,145,0,0,0,145,0,0,580,0,0,0,0,0,0,0,145,145,0,0,0,145,0,0,0,0,0,0,0,0,145,0,0,0,0,0,0,0,0,0,0,145,0,0,145,0,0,7391,0,145,0,0,0,0,0,0,0,0,0
0,0,0,0,0,0,0,0,0,0,93,0,0,0,0,0,0,0,0,0,0,0,0,93,0,0,0,0,0,0,0,0,0,0,0,93,0,0,0,0,0,0,0,0,0,0,0,0,0,0,0,0,0,0,0,0,0,0,0,0,0,0,0,0,0,0,0,0,0,0,187,0,0,93,0,0,0,0,0,93,0,0,0,0,93,0,0,0,0,0,0,0,0,0,0,0,93,0,93,0,467,0,0,0,0,0,0,0,0,8505,0,0,0,0,0,0,0,0,0,93
125,0,0,125,0,0,0,0,0,0,0,0,0,0,0,0,0,0,0,0,0,0,0,125,0,0,0,0,0,125,250,0,0,0,0,125,0,0,0,0,0,0,0,0,0,0,0,0,250,0,0,0,0,0,0,0,125,0,375,0,0,0,0,0,125,0,0,0,0,0,0,0,0,1125,0,0,1125,0,125,750,0,0,125,0,0,125,0,125,0,0,0,0,0,0,0,0,0,0,0,0,0,0,0,0,0,250,0,0,0,0,4500,0,0,0,0,0,0,0,0,0
0,0,0,0,253,0,0,253,0,127,0,0,0,0,0,0,127,0,0,253,0,0,0,0,0,0,0,127,0,0,0,0,0,0,0,0,0,0,127,0,0,0,127,0,0,127,0,0,0,0,0,0,0,0,0,127,0,0,0,0,127,0,0,0,0,0,0,0,0,0,0,127,127,0,380,380,0,0,0,0,0,0,0,0,0,0,380,0,127,0,0,0,0,0,0,0,0,0,0,0,0,127,0,0,0,0,0,0,0,0,0,6329,0,0,0,0,0,127,0,127
0,0,0,0,0,0,0,0,0,0,0,0,0,0,571,0,0,0,0,0,0,0,0,0,0,0,0,0,143,0,0,0,0,0,0,0,143,0,0,0,0,0,0,0,143,0,0,0,0,0,0,0,0,0,0,0,143,143,0,0,0,0,0,0,0,0,0,0,0,0,0,0,0,0,0,0,0,0,0,0,0,0,0,0,0,0,0,0,0,429,857,0,0,0,0,0,0,0,0,0,0,0,0,0,0,0,0,0,0,0,0,0,7000,0,286,0,0,0,143,0
0,0,0,0,0,145,0,145,290,1884,0,145,0,0,0,290,0,0,0,0,0,0,0,0,0,0,0,145,0,0,0,0,0,0,0,0,0,0,0,1884,0,0,0,0,0,0,0,0,0,0,0,145,0,0,0,0,0,0,0,0,0,0,0,0,0,0,145,0,0,0,0,0,0,0,0,0,0,0,0,0,0,0,0,0,0,0,0,0,0,0,145,0,0,0,0,0,0,0,0,0,0,145,0,0,0,0,0,0,0,0,0,0,0,4058,0,290,0,145,0,0
0,0,0,0,0,0,0,118,0,0,118,0,235,0,0,0,0,0,0,0,0,0,0,0,0,0,0,0,235,0,0,118,0,0,0,0,0,0,0,0,118,0,0,0,0,0,0,235,0,0,0,353,0,0,0,0,0,0,0,235,118,0,0,118,0,0,0,0,0,0,0,0,0,0,0,0,0,0,0,0,0,0,0,0,0,0,0,0,0,0,0,0,0,235,0,0,0,0,0,0,0,0,0,0,235,0,0,0,0,0,0,0,0,0,7294,0,0,118,0,118
0,0,0,0,127,0,0,0,380,253,0,0,0,506,0,0,0,0,0,0,0,0,0,0,253,0,0,0,0,0,0,0,127,0,0,0,127,0,0,0,127,0,0,0,0,0,0,0,0,0,0,0,0,0,0,127,0,0,0,0,0,0,0,0,0,0,0,0,0,0,0,0,0,0,0,0,0,0,0,0,0,0,0,0,0,0,0,0,0,0,0,0,0,0,0,0,0,0,0,0,0,0,0,0,0,0,0,0,0,0,0,0,0,127,0,7848,0,0,0,0
0,0,0,0,0,0,0,0,0,0,0,0,0,0,0,0,0,0,0,0,0,0,0,0,0,0,247,0,0,0,0,0,0,0,0,0,0,0,0,0,0,0,0,0,0,0,0,0,0,0,0,0,123,0,0,123,0,0,0,0,0,0,0,0,0,123,0,0,0,0,0,0,0,370,0,0,0,123,0,0,0,0,247,0,0,0,0,0,0,0,0,0,0,0,247,0,0,0,123,0,0,123,0,0,0,0,0,0,0,247,0,0,0,0,0,0,7901,0,0,0
0,0,105,0,526,105,0,105,0,211,0,0,0,0,0,211,0,0,105,105,0,0,0,105,0,0,0,105,105,105,0,0,0,0,0,0,0,0,0,211,105,0,0,0,105,0,105,0,0,0,105,105,0,0,0,105,0,0,0,0,947,0,0,0,0,0,0,0,0,0,0,0,0,0,0,0,0,0,0,0,0,0,0,0,0,0,0,0,0,0,0,0,0,316,0,0,0,0,0,0,0,0,0,0,211,0,0,0,0,0,0,211,0,105,0,0,0,5474,0,0
0,0,0,610,0,0,0,0,0,0,244,0,0,0,0,0,0,0,0,0,0,0,0,0,0,0,122,0,0,0,0,0,0,0,0,0,0,0,0,0,0,0,0,0,0,0,0,0,0,0,0,0,0,0,0,122,0,366,0,122,0,0,0,0,0,0,0,0,0,0,0,0,0,0,0,0,0,0,0,0,0,0,0,122,0,0,122,0,0,0,0,0,0,0,0,0,0,0,122,0,0,0,0,122,0,0,0,0,0,122,0,122,0,0,0,0,0,0,7561,122
0,0,0,0,0,0,854,0,122,0,0,0,0,0,0,0,0,0,0,0,0,0,0,0,0,0,0,0,0,122,0,0,122,0,0,122,0,0,0,0,0,0,0,0,0,0,0,0,0,0,0,0,0,0,0,0,122,122,0,0,0,0,0,0,0,0,0,0,0,0,122,0,0,0,0,244,0,0,0,488,0,122,0,0,0,0,0,0,0,0,0,0,0,0,0,0,0,0,0,0,0,0,610,0,0,0,0,0,0,0,0,122,122,0,0,0,0,0,122,6463
